{
  "hash": "62f5edc7",
  "browserHash": "a9e2ac45",
  "optimized": {
    "@angular/core": {
      "src": "../../../../../node_modules/@angular/core/fesm2022/core.mjs",
      "file": "@angular_core.js",
      "fileHash": "6f4d764d",
      "needsInterop": false
    },
    "@angular/platform-browser": {
      "src": "../../../../../node_modules/@angular/platform-browser/fesm2022/platform-browser.mjs",
      "file": "@angular_platform-browser.js",
      "fileHash": "dc2a74d8",
      "needsInterop": false
    }
  },
  "chunks": {
    "chunk-EQLVVUXK": {
      "file": "chunk-EQLVVUXK.js"
    }
  }
}